<?xml version="1.0" encoding="UTF-8"?>
<project-private xmlns="http://www.netbeans.org/ns/project-private/1">
    <editor-bookmarks xmlns="http://www.netbeans.org/ns/editor-bookmarks/2" lastBookmarkId="0"/>
    <open-files xmlns="http://www.netbeans.org/ns/projectui-open-files/2">
        <group>
            <file>file:/E:/Abhishek/Lab6/SalaryPortal/src/java/staffDetails.java</file>
            <file>file:/E:/Abhishek/Lab6/SalaryPortal/web/index.jsp</file>
            <file>file:/E:/Abhishek/Lab6/SalaryPortal/src/java/DataAccess/DataAccess.java</file>
        </group>
    </open-files>
</project-private>
